species,higher_classification,class,order,family,IUCN,habitat,terrestriality,breeding_site,migration,vertical,weight,thermo,diet,feeding,group_behaviour,Arctic,North Pacific,South Pacific,North Atlantic,South Atlantic,Indian,Southern,Notes
Probarbus jullieni,Fish,Actinopterygii,Cypriniformes,Cyprinidae,EN,cont. shelf,freshwater,estuarine/riverine,freshwater,benthic,70000,ecto,plants/inverts,browsing,NA,0,0,0,0,0,1,0,feeding strategy: variable
Acipenser gueldenstaedtii,Fish,Actinopterygii,Acipenseriformes,Acipenseridae,CR,cont. shelf,freshwater,estuarine/riverine,freshwater,benthic,115000,ecto,inverts/fish,active-predator,solitary/schooling/aggregations/groups,0,0,0,1,0,0,0,NA
Thunnus maccoyii,Fish,Actinopterygii,Perciformes,Scombridae,CR,offshore,no,oceanic,marine,pelagic,260000,meso,inverts/fish,active-predator,solitary/schooling/aggregations/groups,0,0,1,0,1,1,1,NA
Megalops atlanticus,Fish,Actinopterygii,Elopiformes,Megalopidae,VU,cont. shelf,freshwater,coastal,freshwater,pelagic,161000,ecto,inverts,active-predator,schooling/aggregations/groups,0,0,0,1,1,0,0,NA
Albatrossia pectoralis,Fish,Actinopterygii,Gadiformes,Macrouridae,NE,offshore,no,oceanic,no,benthic,86000,ecto,inverts/fish,active-predator,solitary/schooling/aggregations/groups,0,1,0,0,0,0,0,behaviour based on most Macrouridae (https://wikivisually.com/wiki/Chimaera)
Bahaba taipingensis,Fish,Actinopterygii,Perciformes,Sciaenidae,CR,cont. shelf,no,estuarine/riverine,no,benthopelagic,100000,ecto,inverts,active-predator,solitary/schooling/aggregations/groups,0,1,0,0,0,0,0,"group based on Ramcharitar, J., et al (2006) Transactions of the American Fisheries Society, 135(5), 1409-1431."
Bolbometopon muricatum,Fish,Actinopterygii,Perciformes,Scaridae,VU,cont. shelf,no,coastal,marine,benthic,46000,ecto,inverts,browsing,schooling/aggregations/groups,0,1,1,0,0,1,0,"group and migration based on Mu–oz, R. C. et al. (2014) PeerJ, 2, e681."
Stereolepis gigas,Fish,Actinopterygii,Perciformes,Polyprionidae,CR,cont. shelf,no,coastal,marine,benthic,255600,ecto,fish,active-predator,schooling/aggregations/groups,0,1,0,0,0,0,0,NA
Eleutheronema tetradactylum,Fish,Actinopterygii,Perciformes,Polynemidae,NE,cont. shelf,freshwater,coastal,freshwater,pelagic,145000,ecto,inverts/fish,active-predator,solitary/schooling/aggregations/groups,0,1,1,0,0,1,0,NA
Thunnus thynnus,Fish,Actinopterygii,Perciformes,Scombridae,EN,all,no,coastal,marine,pelagic,684000,meso,inverts/fish,active-predator,schooling/aggregations/groups,1,0,0,1,1,1,0,breeding taken from the web (https://goo.gl/no7Cvq)
Totoaba macdonaldi,Fish,Actinopterygii,Perciformes,Sciaenidae,CR,cont. shelf,no,coastal,no,benthopelagic,100000,ecto,inverts/fish,active-predator,solitary/schooling/aggregations/groups,0,1,0,0,0,0,0,"group based on Ramcharitar, J., et al (2006) Transactions of the American Fisheries Society, 135(5), 1409-1431."
Thunnus orientalis,Fish,Actinopterygii,Perciformes,Scombridae,VU,all,no,oceanic,marine,pelagic,450000,meso,inverts/fish,active-predator,schooling/aggregations/groups,0,1,1,0,0,1,0,NA
Hucho taimen,Fish,Actinopterygii,Salmoniformes,Salmonidae,VU,cont. shelf,freshwater,estuarine/riverine,freshwater,benthopelagic,105000,ecto,fish/high verts,active-predator,NA,1,1,0,1,0,0,0,NA
Thunnus obesus,Fish,Actinopterygii,Perciformes,Scombridae,VU,offshore,no,oceanic,marine,pelagic,210000,meso,inverts/fish,active-predator,schooling/aggregations/groups,0,1,1,1,1,1,0,"breeding based on  Lam, C. H. et al. (2014). Canadian journal of fisheries and aquatic sciences, 71(10), 1529-1543."
Molva molva,Fish,Actinopterygii,Gadiformes,Lotidae,NE,all,no,oceanic,marine,benthic,45000,ecto,inverts/fish,active-predator,solitary/schooling/aggregations/groups,0,0,0,1,0,0,0,NA
Argyrosomus hololepidotus,Fish,Actinopterygii,Perciformes,Sciaenidae,EN,cont. shelf,freshwater,estuarine/riverine,no,benthic,71000,ecto,inverts/fish,active-predator,solitary/schooling/aggregations/groups,0,0,0,0,0,1,0,"group based on Ramcharitar, J., et al (2006) Transactions of the American Fisheries Society, 135(5), 1409-1431."
Thunnus albacares,Fish,Actinopterygii,Perciformes,Scombridae,NT,offshore,no,coastal,marine,pelagic,200000,meso,inverts/fish,active-predator,schooling/aggregations/groups,0,1,1,1,1,1,0,NA
Sciades parkeri,Fish,Actinopterygii,Siluriformes,Ariidae,VU,cont. shelf,no,estuarine/riverine,NA,benthic,50000,ecto,inverts/fish,active-predator,NA,0,0,0,1,1,0,0,NA
Polydactylus macrochir,Fish,Actinopterygii,Perciformes,Polynemidae,NE,cont. shelf,freshwater,coastal,freshwater,benthic,45000,ecto,inverts/fish,active-predator,solitary/schooling/aggregations/groups,0,0,1,0,0,1,0,NA
Lutjanus agennes,Fish,Actinopterygii,Perciformes,Lutjanidae,DD,cont. shelf,freshwater,estuarine/riverine,no,benthic,60000,ecto,inverts/fish,active-predator,schooling/aggregations/groups,0,0,0,1,1,0,0,NA
Istiompax indica,Fish,Actinopterygii,Perciformes,Istiophoridae,DD,offshore,no,oceanic,marine,pelagic,750000,ecto,inverts/fish,active-predator,schooling/aggregations/groups,0,1,1,0,0,1,0,behaviour based on all tunas (https://goo.gl/zLYN6T)
Oncorhynchus tshawytscha,Fish,Actinopterygii,Salmoniformes,Salmonidae,NE,cont. shelf,freshwater,estuarine/riverine,freshwater,benthopelagic,61400,ecto,inverts/fish,active-predator,solitary/schooling/aggregations/groups,0,1,0,0,0,0,0,behaviour taken from the web (https://goo.gl/pH3EZb)
Acipenser oxyrinchus,Fish,Actinopterygii,Acipenseriformes,Acipenseridae,NT,cont. shelf,freshwater,estuarine/riverine,freshwater,benthic,333362,ecto,inverts/fish,active-predator,solitary/schooling/aggregations/groups,0,0,0,1,0,0,0,NA
Hippoglossus stenolepis,Fish,Actinopterygii,Pleuronectiformes,Pleuronectidae,NE,all,no,coastal,marine,benthic,363000,ecto,inverts/fish,active-predator,NA,0,1,0,0,0,0,0,NA
Istiophorus albicans,Fish,Actinopterygii,Perciformes,Istiophoridae,NE,all,no,coastal/oceanic,marine,pelagic,58100,meso,inverts/fish,active-predator,schooling/aggregations/groups,0,0,0,1,1,0,0,NA
Gadus morhua,Fish,Actinopterygii,Gadiformes,Gadidae,VU,all,no,coastal,marine,benthopelagic,96000,ecto,inverts/fish,active-predator,schooling/aggregations/groups,1,0,0,1,0,0,0,NA
Thunnus alalunga,Fish,Actinopterygii,Perciformes,Scombridae,NT,offshore,no,oceanic,marine,pelagic,60320,meso,inverts/fish,active-predator,schooling/aggregations/groups,0,1,1,1,1,1,0,NA
Caranx ignobilis,Fish,Actinopterygii,Perciformes,Carangidae,LC,cont. shelf,no,oceanic,marine,pelagic,80000,ecto,inverts/fish,active-predator,solitary/schooling/aggregations/groups,0,1,1,0,0,1,0,migration based on family; taken from the web (https://dlnr.hawaii.gov/dar/files/2015/08/ulua01.pdf)
Istiophorus platypterus,Fish,Actinopterygii,Perciformes,Istiophoridae,LC,all,no,oceanic,marine,pelagic,100240,meso,inverts/fish,active-predator,schooling/aggregations/groups,0,1,1,0,0,1,0,NA
Huso huso,Fish,Actinopterygii,Acipenseriformes,Acipenseridae,CR,cont. shelf,freshwater,estuarine/riverine,freshwater,pelagic,3200000,ecto,inverts/fish,active-predator,solitary,0,1,0,0,0,0,0,behaviour based on most sturgeons
Clarias macrocephalus,Fish,Actinopterygii,Siluriformes,Clariidae,NT,cont. shelf,freshwater,estuarine/riverine,freshwater,benthopelagic,45000,ecto,inverts/fish,active-predator,NA,0,1,0,0,0,1,0,NA
Arius gigas,Fish,Actinopterygii,Siluriformes,Ariidae,NT,cont. shelf,freshwater,NA,NA,benthopelagic,50000,ecto,inverts,active-predator,NA,0,0,0,1,0,0,0,"diet based on Oribhabor, B. J., & Ogbeibu, A. E. (2012). Journal of Fisheries and Aquatic Science, 7(2), 134-149."
Huso dauricus,Fish,Actinopterygii,Acipenseriformes,Acipenseridae,CR,cont. shelf,freshwater,estuarine/riverine,freshwater,benthopelagic,1000000,ecto,fish,active-predator,solitary,0,1,0,0,0,0,0,behaviour based on most sturgeons
Epinephelus itajara,Fish,Actinopterygii,Perciformes,Serranidae,VU,cont. shelf,no,estuarine/riverine,no,benthic,455000,ecto,inverts/fish,active-predator,solitary,0,1,1,1,1,0,0,NA
Mola mola,Fish,Actinopterygii,Tetraodontiformes,Molidae,VU,all,no,coastal,marine,pelagic,2300000,ecto,inverts/fish,active-predator,solitary/schooling/aggregations/groups,0,1,1,1,1,1,0,NA
Kajikia albida,Fish,Actinopterygii,Perciformes,Istiophoridae,VU,all,no,coastal,marine,pelagic,82500,ecto,inverts/fish,active-predator,schooling/aggregations/groups,0,0,0,1,1,0,0,NA
Brachyplatystoma filamentosum,Fish,Actinopterygii,Siluriformes,Pimelodidae,NE,cont. shelf,freshwater,estuarine/riverine,freshwater,benthic,200000,ecto,fish,active-predator,NA,0,0,0,1,1,0,0,NA
Kajikia audax,Fish,Actinopterygii,Perciformes,Istiophoridae,NT,all,no,coastal,marine,pelagic,440000,ecto,inverts/fish,active-predator,solitary/schooling/aggregations/groups,0,1,1,0,0,1,0,NA
Makaira mazara,Fish,Actinopterygii,Perciformes,Istiophoridae,NE,slope/offshore,no,coastal,marine,pelagic,170000,meso,inverts/fish,active-predator,solitary/schooling/aggregations/groups,0,1,1,0,0,1,0,breeding taken from on Fishbase under spawning references/links
Lithognathus lithognathus,Fish,Actinopterygii,Perciformes,Sparidae,EN,cont. shelf,no,coastal,freshwater,benthopelagic,141318,ecto,inverts,active-predator,solitary,0,0,0,0,1,1,0,behaviour based on large Seabreams (Sparidae. FAO Species catalogue)
Seriola hippos,Fish,Actinopterygii,Perciformes,Carangidae,LC,cont. shelf,no,coastal,marine,pelagic,53100,ecto,inverts/fish,active-predator,schooling/aggregations/groups,0,0,1,0,0,1,0,diet and feeding taken from the web (https://goo.gl/zFpfTq)
Polyprion oxygeneios,Fish,Actinopterygii,Perciformes,Polyprionidae,NE,slope/offshore,no,coastal,marine,benthic,100000,ecto,fish,active-predator,NA,0,0,1,0,1,1,0,"breeding based on family; migration taken from the web (Beentjes, M. P., & Francis, M. P. (1999). New Zealand Journal of Marine and Freshwater Research, 33(1), 1-12.)"
Mycteroperca jordani,Fish,Actinopterygii,Perciformes,Serranidae,EN,cont. shelf,no,coastal,no,benthic,91000,ecto,fish,active-predator,solitary,0,1,0,0,0,0,0,group behaviour based on family (Perciformes. FAO Species catalogue)
Dissostichus mawsoni,Fish,Actinopterygii,Perciformes,Nototheniidae,NE,offshore,no,NA,NA,pelagic,80000,ecto,inverts/fish,active-predator,NA,0,0,0,0,0,0,1,NA
Erilepis zonifer,Fish,Actinopterygii,Scorpaeniformes,Anoplopomatidae,NE,offshore,no,oceanic,NA,benthic,91000,ecto,inverts,active-predator,NA,0,1,0,0,0,0,0,NA
Acipenser sinensis,Fish,Actinopterygii,Acipenseriformes,Acipenseridae,CR,cont. shelf,freshwater,estuarine/riverine,freshwater,benthic,600000,ecto,inverts,active-predator,solitary,0,1,0,0,0,0,0,behaviour based on most sturgeons.
Lutjanus dentatus,Fish,Actinopterygii,Perciformes,Lutjanidae,DD,cont. shelf,freshwater,estuarine/riverine,NA,benthic,50000,ecto,inverts/fish,active-predator,NA,0,0,0,1,1,0,0,NA
Icosteus aenigmaticus,Fish,Actinopterygii,Perciformes,Icosteidae,NE,all,no,coastal,marine,pelagic,57692,ecto,inverts/fish,active-predator,NA,0,1,0,0,0,0,0,migration taken from the web (http://eol.org/pages/207517/details#migration)
Nematistius pectoralis,Fish,Actinopterygii,Perciformes,Nematistiidae,NE,cont. shelf,no,NA,NA,benthic,51710,ecto,fish,NA,NA,0,1,1,0,0,0,0,NA
Hyperoglyphe antarctica,Fish,Actinopterygii,Perciformes,Centrolophidae,NE,slope/offshore,no,oceanic,NA,benthopelagic,63000,ecto,inverts/fish,active-predator,NA,0,0,1,0,1,1,0,NA
Thyrsitoides marleyi,Fish,Actinopterygii,Perciformes,Gempylidae,NE,offshore,no,NA,NA,benthopelagic,302349,ecto,inverts/fish,active-predator,NA,0,1,1,0,0,1,0,NA
Acipenser nudiventris,Fish,Actinopterygii,Acipenseriformes,Acipenseridae,CR,cont. shelf,freshwater,estuarine/riverine,freshwater,benthic,80000,ecto,inverts,active-predator,solitary,0,1,0,0,0,0,0,behaviour based on most sturgeons.
Stereolepis doederleini,Fish,Actinopterygii,Perciformes,Polyprionidae,NE,offshore,no,coastal,marine,benthic,84800,ecto,fish,active-predator,NA,0,1,0,0,0,0,0,breeding based on family
Acipenser schrenckii,Fish,Actinopterygii,Acipenseriformes,Acipenseridae,CR,cont. shelf,freshwater,estuarine/riverine,freshwater,benthic,190000,ecto,inverts,active-predator,solitary,0,1,0,0,0,0,0,behaviour based on most sturgeons.
Acipenser sturio,Fish,Actinopterygii,Acipenseriformes,Acipenseridae,CR,cont. shelf,freshwater,estuarine/riverine,freshwater,benthic,400000,ecto,inverts/fish,active-predator,solitary,0,0,0,1,0,0,0,NA
Acipenser persicus,Fish,Actinopterygii,Acipenseriformes,Acipenseridae,CR,cont. shelf,freshwater,estuarine/riverine,freshwater,benthic,70000,ecto,inverts/fish,active-predator,solitary,0,1,0,0,0,0,0,behaviour based on most sturgeons.
Acipenser stellatus,Fish,Actinopterygii,Acipenseriformes,Acipenseridae,CR,cont. shelf,freshwater,estuarine/riverine,freshwater,benthic,80000,ecto,inverts/fish,active-predator,solitary,0,1,0,0,0,0,0,behaviour based on most sturgeons.
Argyrosomus coronus,Fish,Actinopterygii,Perciformes,Sciaenidae,NE,cont. shelf,no,oceanic,marine,benthopelagic,77000,ecto,fish,active-predator,solitary/schooling/aggregations/groups,0,0,0,0,1,0,0,NA
Makaira nigricans,Fish,Actinopterygii,Perciformes,Istiophoridae,VU,all,no,coastal,marine,pelagic,636000,meso,inverts/fish,active-predator,solitary/schooling/aggregations/groups,0,0,0,1,1,0,0,NA
Acipenser baerii,Fish,Actinopterygii,Acipenseriformes,Acipenseridae,EN,cont. shelf,freshwater,estuarine/riverine,freshwater,benthic,210000,ecto,inverts,active-predator,solitary,0,1,0,0,0,0,0,behaviour based on most sturgeons.
Lutjanus cyanopterus,Fish,Actinopterygii,Perciformes,Lutjanidae,VU,cont. shelf,no,estuarine/riverine,no,benthic,57000,ecto,inverts/fish,active-predator,solitary,0,0,0,1,1,0,0,behaviour taken from the web (https://goo.gl/uD8wwf)
Scomberomorus commerson,Fish,Actinopterygii,Perciformes,Scombridae,NT,cont. shelf,no,coastal,marine,pelagic,70000,ecto,inverts/fish,active-predator,solitary/schooling/aggregations/groups,0,0,1,0,0,1,0,NA
Argyrosomus japonicus,Fish,Actinopterygii,Perciformes,Sciaenidae,NE,cont. shelf,no,coastal,marine,benthopelagic,75000,ecto,inverts/fish,active-predator,solitary/schooling/aggregations/groups,0,1,1,0,0,1,0,"behaviour based on Ramcharitar, J., et al (2006) Transactions of the American Fisheries Society, 135(5), 1409-1431."
Pogonias cromis,Fish,Actinopterygii,Perciformes,Sciaenidae,LC,cont. shelf,no,coastal,marine,benthic,51280,ecto,inverts/fish,active-predator,solitary/schooling/aggregations/groups,0,0,0,1,1,0,0,"behaviour based on Ramcharitar, J., et al (2006) Transactions of the American Fisheries Society, 135(5), 1409-1431."
Sciaenops ocellatus,Fish,Actinopterygii,Perciformes,Sciaenidae,LC,cont. shelf,no,coastal,marine,benthic,45000,ecto,inverts/fish,active-predator,solitary/schooling/aggregations/groups,0,0,0,1,1,0,0,"behaviour based on Ramcharitar, J., et al (2006) Transactions of the American Fisheries Society, 135(5), 1409-1431."
Rita rita,Fish,Actinopterygii,Siluriformes,Bagridae,LC,cont. shelf,freshwater,estuarine/riverine,freshwater,benthic,66353,ecto,inverts/fish,active-predator,NA,0,0,0,0,0,1,0,NA
Hemibagrus microphthalmus,Fish,Actinopterygii,Siluriformes,Bagridae,LC,cont. shelf,freshwater,estuarine/riverine,freshwater,benthic,80000,ecto,inverts/fish,active-predator,NA,0,0,0,0,0,1,0,NA
Sphyraena barracuda,Fish,Actinopterygii,Perciformes,Sphyraenidae,LC,cont. shelf,no,coastal,marine,pelagic,50000,ecto,inverts/fish,active-predator,solitary/schooling/aggregations/groups,0,1,1,1,1,1,0,NA
Epinephelus marginatus,Fish,Actinopterygii,Perciformes,Serranidae,VU,cont. shelf,no,coastal,NA,benthic,60000,ecto,inverts/fish,active-predator,solitary,0,0,0,1,1,1,0,NA
Scomberomorus cavalla,Fish,Actinopterygii,Perciformes,Scombridae,LC,cont. shelf,no,coastal,marine,pelagic,45000,ecto,inverts/fish,active-predator,solitary/schooling/aggregations/groups,0,0,0,1,1,0,0,NA
Cheilinus undulatus,Fish,Actinopterygii,Perciformes,Labridae,EN,cont. shelf,no,coastal,no,benthopelagic,191000,ecto,inverts/fish,active-predator,solitary,0,1,1,0,0,1,0,NA
Ictalurus furcatus,Fish,Actinopterygii,Siluriformes,Ictaluridae,LC,cont. shelf,freshwater,estuarine/riverine,no,benthic,68000,ecto,inverts/fish,active-predator,solitary/schooling/aggregations/groups,0,0,0,1,0,0,0,NA
Argyrosomus regius,Fish,Actinopterygii,Perciformes,Sciaenidae,LC,cont. shelf,no,coastal,marine,benthopelagic,103000,ecto,inverts/fish,active-predator,solitary/schooling/aggregations/groups,0,0,0,1,0,0,0,"behaviour based on Ramcharitar, J., et al (2006) Transactions of the American Fisheries Society, 135(5), 1409-1431."
Pangasius pangasius,Fish,Actinopterygii,Siluriformes,Pangasiidae,LC,cont. shelf,freshwater,estuarine/riverine,freshwater,benthopelagic,195029,ecto,inverts,active-predator,NA,0,0,0,0,0,1,0,NA
Gymnosarda unicolor,Fish,Actinopterygii,Perciformes,Scombridae,LC,cont. shelf,no,coastal,marine,pelagic,131000,ecto,inverts/fish,active-predator,solitary/schooling/aggregations/groups,0,1,1,0,0,1,0,"behaviour based on Ramcharitar, J., et al (2006) Transactions of the American Fisheries Society, 135(5), 1409-1431."
Silurus glanis,Fish,Actinopterygii,Siluriformes,Siluridae,LC,cont. shelf,no,estuarine/riverine,no,benthopelagic,306000,ecto,inverts/fish/high verts,active-predator,NA,0,0,0,1,0,0,0,NA
Masturus lanceolatus,Fish,Actinopterygii,Tetraodontiformes,Molidae,LC,offshore,no,NA,NA,pelagic,2000000,ecto,inverts/fish,active-predator,NA,0,1,1,1,1,1,0,"diet based on Bakenhaster, M. D., & Knight-Gray, J. S. (2016). Bulletin of Marine Science, 92(4), 497-511."
Seriola dumerili,Fish,Actinopterygii,Perciformes,Carangidae,LC,all,no,coastal,marine,pelagic,80600,ecto,inverts/fish,active-predator,solitary/schooling/aggregations/groups,0,1,1,1,1,1,0,NA
Tetrapturus angustirostris,Fish,Actinopterygii,Perciformes,Istiophoridae,DD,all,no,oceanic,marine,pelagic,52000,meso,inverts/fish,active-predator,schooling/aggregations/groups,0,1,1,0,0,1,0,NA
Centrolophus niger,Fish,Actinopterygii,Perciformes,Centrolophidae,LC,offshore,no,oceanic,NA,pelagic,45858,ecto,inverts/fish,active-predator,solitary/schooling/aggregations/groups,0,0,1,1,1,1,0,NA
Lepidocybium flavobrunneum,Fish,Actinopterygii,Perciformes,Gempylidae,LC,slope,no,coastal/oceanic,marine,benthopelagic,45000,ecto,inverts/fish,active-predator,NA,0,1,1,1,1,1,0,NA
Sphyraena afra,Fish,Actinopterygii,Perciformes,Sphyraenidae,LC,cont. shelf,no,NA,marine,benthopelagic,50000,ecto,inverts/fish,active-predator,solitary/schooling/aggregations/groups,0,0,0,1,1,0,0,NA
Hyporthodus nigritus,Fish,Actinopterygii,Perciformes,Serranidae,NT,all,no,coastal,marine,benthic,198100,ecto,inverts/fish,active-predator,solitary,0,0,0,1,1,0,0,NA
Lichia amia,Fish,Actinopterygii,Perciformes,Carangidae,LC,cont. shelf,freshwater,estuarine/riverine,marine,pelagic,50000,ecto,inverts/fish,active-predator,NA,0,0,0,1,1,1,0,NA
Epinephelus lanceolatus,Fish,Actinopterygii,Perciformes,Serranidae,DD,cont. shelf,no,coastal,no,benthopelagic,400000,ecto,inverts/fish/high verts,active-predator,solitary,0,1,1,0,0,1,0,NA
Atractosteus spatula,Fish,Actinopterygii,Lepisosteiformes,Lepisosteidae,NE,cont. shelf,freshwater,estuarine/riverine,no,benthic,137000,ecto,inverts/fish,active-predator,solitary,0,0,0,1,0,0,0,breeding site based on habitat
Lates calcarifer,Fish,Actinopterygii,Perciformes,Latidae,NE,cont. shelf,freshwater,coastal,freshwater,benthic,60000,ecto,inverts/fish,active-predator,solitary,0,1,1,0,0,1,0,behaviour taken from the web (https://goo.gl/7C26sW)
Petrus rupestris,Fish,Actinopterygii,Perciformes,Sparidae,EN,cont. shelf,no,coastal,no,benthic,80000,ecto,inverts/fish,active-predator,solitary,0,0,0,0,0,1,0,NA
Elagatis bipinnulata,Fish,Actinopterygii,Perciformes,Carangidae,LC,cont. shelf/slope,no,coastal,marine,benthic,46210,ecto,inverts/fish,active-predator,solitary/schooling/aggregations/groups,0,1,1,1,1,1,0,migration based on family (https://dlnr.hawaii.gov/dar/files/2015/08/ulua01.pdf)
Polydactylus quadrifilis,Fish,Actinopterygii,Perciformes,Polynemidae,LC,cont. shelf,freshwater,coastal,freshwater,benthic,75000,ecto,inverts/fish,active-predator,NA,0,0,0,1,1,0,0,breeding based on family
Hippoglossus hippoglossus,Fish,Actinopterygii,Pleuronectiformes,Pleuronectidae,EN,all,no,coastal/oceanic,marine,benthopelagic,320000,ecto,inverts/fish,active-predator,solitary,1,0,0,1,0,0,0,breeding taken from the web (https://goo.gl/dKYLQk)
Tetrapturus belone,Fish,Actinopterygii,Perciformes,Istiophoridae,LC,cont. shelf,no,coastal,marine,pelagic,70000,meso,fish,active-predator,schooling/aggregations/groups,0,0,0,1,0,0,0,breeding based on habitat in the Mediterranean sea
Gasterochisma melampus,Fish,Actinopterygii,Perciformes,Scombridae,LC,offshore,no,oceanic,marine,pelagic,49755,meso,inverts/fish/high verts,active-predator,NA,0,0,1,0,1,1,0,"breeding based on: Itoh, T., & Sawadaishi, S. (2018). Marine and Freshwater Research, 69(1), 16-23."
Wallago attu,Fish,Actinopterygii,Siluriformes,Siluridae,NT,cont. shelf,freshwater,estuarine/riverine,freshwater,benthic,64005,ecto,inverts/fish,active-predator,solitary,0,0,0,0,0,1,0,NA
Achoerodus gouldii,Fish,Actinopterygii,Perciformes,Labridae,VU,cont. shelf,no,coastal,no,benthic,121145,ecto,inverts/fish,active-predator,solitary,0,0,0,0,0,1,0,NA
Seriola rivoliana,Fish,Actinopterygii,Perciformes,Carangidae,LC,all,no,NA,marine,benthopelagic,59870,ecto,inverts/fish,active-predator,schooling/aggregations/groups,0,1,1,1,1,1,0,migration based on family (https://dlnr.hawaii.gov/dar/files/2015/08/ulua01.pdf)
Trachipterus arcticus,Fish,Actinopterygii,Lampriformes,Trachipteridae,NE,offshore,no,coastal,NA,pelagic,49410,ecto,inverts/fish,active-predator,solitary/schooling/aggregations/groups,0,0,0,1,0,0,0,NA
Rachycentron canadum,Fish,Actinopterygii,Perciformes,Rachycentridae,LC,all,no,coastal,marine,benthic,68000,ecto,inverts/fish,active-predator,solitary/schooling/aggregations/groups,0,1,1,1,1,1,0,NA
Acipenser medirostris,Fish,Actinopterygii,Acipenseriformes,Acipenseridae,NT,cont. shelf,freshwater,estuarine/riverine,freshwater,benthic,159000,ecto,inverts/fish,active-predator,solitary,0,1,0,0,0,0,0,based on most sturgeons.
Epinephelus chabaudi,Fish,Actinopterygii,Perciformes,Serranidae,LC,all,no,oceanic,no,benthic,55000,ecto,inverts,NA,solitary,0,0,0,0,0,1,0,"behaviour behaviour based on family, taken from the web (https://goo.gl/862WdD)"
Ophiodon elongatus,Fish,Actinopterygii,Scorpaeniformes,Hexagrammidae,NE,all,no,coastal,no,benthic,59110,ecto,inverts/fish,active-predator,solitary,0,1,0,0,0,0,0,"breeding and behaviour based on  Lam, C. H., et al. (2014). Canadian journal of fisheries and aquatic sciences, 71(10), 1529-1543."
Seriola lalandi,Fish,Actinopterygii,Perciformes,Carangidae,LC,all,no,oceanic,marine,benthopelagic,96840,ecto,inverts/fish,active-predator,solitary/schooling/aggregations/groups,0,1,1,1,1,1,0,migration based on family (https://dlnr.hawaii.gov/dar/files/2015/08/ulua01.pdf)
Acanthocybium solandri,Fish,Actinopterygii,Perciformes,Scombridae,LC,offshore,no,coastal,marine,pelagic,83000,ecto,inverts/fish,active-predator,solitary/schooling/aggregations/groups,0,1,1,1,1,1,0,NA
Hyporthodus octofasciatus,Fish,Actinopterygii,Perciformes,Serranidae,LC,slope/offshore,no,NA,NA,benthic,80000,ecto,NA,NA,solitary,0,1,1,0,0,1,0,group behaviour based on family (http://www.fao.org/tempref/docrep/fao/009/x2400e/x2400e34.pdf)
Tetrapturus pfluegeri,Fish,Actinopterygii,Perciformes,Istiophoridae,LC,all,no,coastal,marine,pelagic,58000,meso,inverts/fish,active-predator,schooling/aggregations/groups,0,0,0,1,1,0,0,NA
Morone saxatilis,Fish,Actinopterygii,Perciformes,Moronidae,LC,cont. shelf,freshwater,estuarine/riverine,freshwater,benthic,57000,ecto,inverts/fish,active-predator,social,0,0,0,1,0,0,0,behaviour taken from the web (https://animaldiversity.org/accounts/Morone_saxatilis/)
Epinephelus latifasciatus,Fish,Actinopterygii,Perciformes,Serranidae,LC,cont. shelf,no,coastal,NA,benthic,58550,ecto,inverts/fish,active-predator,solitary,0,1,1,0,0,1,0,behaviour based on family (http://www.fao.org/tempref/docrep/fao/009/x2400e/x2400e34.pdf)
Epinephelus magniscuttis,Fish,Actinopterygii,Perciformes,Serranidae,LC,NA,no,coastal,NA,benthic,50000,ecto,NA,NA,solitary,0,1,1,0,0,1,0,behaviour based on family (http://www.fao.org/tempref/docrep/fao/009/x2400e/x2400e34.pdf)
Epinephelus goreensis,Fish,Actinopterygii,Perciformes,Serranidae,NT,cont. shelf/slope,no,coastal,no,benthic,49676,ecto,inverts/fish,active-predator,solitary,0,0,0,1,1,0,0,behaviour based on family (http://www.fao.org/tempref/docrep/fao/009/x2400e/x2400e34.pdf)
Epinephelus daemelii,Fish,Actinopterygii,Perciformes,Serranidae,NT,cont. shelf,no,coastal,no,benthic,68000,ecto,inverts/fish,active-predator,solitary,0,0,1,0,0,0,0,breeding based on narrow habitat
Mycteroperca bonaci,Fish,Actinopterygii,Perciformes,Serranidae,NT,cont. shelf,no,coastal,no,benthic,100000,ecto,inverts/fish,active-predator,solitary,0,0,0,1,1,0,0,NA
Epinephelus malabaricus,Fish,Actinopterygii,Perciformes,Serranidae,LC,cont. shelf,no,coastal,marine,benthic,150000,ecto,inverts/fish,active-predator,solitary,0,1,1,0,0,1,0,NA
Polyprion americanus,Fish,Actinopterygii,Perciformes,Polyprionidae,DD,all,no,coastal,marine,benthic,100000,ecto,inverts/fish,active-predator,solitary,0,0,1,1,1,1,0,NA
Mycteroperca rubra,Fish,Actinopterygii,Perciformes,Serranidae,LC,cont. shelf,no,coastal,no,benthic,49700,ecto,inverts/fish,active-predator,solitary,0,0,0,1,1,0,0,group behaviour based on family (http://www.fao.org/tempref/docrep/fao/009/x2400e/x2400e34.pdf)
Acipenser fulvescens,Fish,Actinopterygii,Acipenseriformes,Acipenseridae,LC,cont. shelf,freshwater,estuarine/riverine,freshwater,benthic,125000,ecto,inverts/fish,active-predator,solitary,0,1,0,1,0,0,0,behaviour taken from the web (https://goo.gl/A19Uh3)
Epinephelus tukula,Fish,Actinopterygii,Perciformes,Serranidae,LC,slope,no,coastal,NA,benthic,110000,ecto,inverts/fish,active-predator,solitary,0,1,1,0,0,1,0,NA
Mycteroperca xenarcha,Fish,Actinopterygii,Perciformes,Serranidae,DD,cont. shelf/slope,no,coastal,NA,benthic,91000,ecto,inverts/fish,active-predator,solitary,0,1,1,0,0,0,0,group behaviour based on family (http://www.fao.org/tempref/docrep/fao/009/x2400e/x2400e34.pdf)
Ruvettus pretiosus,Fish,Actinopterygii,Perciformes,Gempylidae,LC,all,no,NA,marine,benthopelagic,63500,ecto,inverts/fish,active-predator,solitary,0,1,1,1,1,1,0,NA
Hyporthodus mystacinus,Fish,Actinopterygii,Perciformes,Serranidae,LC,all,no,coastal,NA,benthic,107000,ecto,inverts/fish,active-predator,solitary,0,0,0,1,0,0,0,NA
Hyporthodus ergastularius,Fish,Actinopterygii,Perciformes,Serranidae,NT,slope/offshore,no,coastal,NA,benthic,66000,ecto,inverts/fish,active-predator,solitary,0,0,1,0,0,0,0,group behaviour based on family (http://www.fao.org/tempref/docrep/fao/009/x2400e/x2400e34.pdf)
Hyporthodus septemfasciatus,Fish,Actinopterygii,Perciformes,Serranidae,DD,cont. shelf,no,NA,no,benthic,62800,ecto,inverts/fish,active-predator,solitary,0,1,0,0,0,0,0,group behaviour based on family (http://www.fao.org/tempref/docrep/fao/009/x2400e/x2400e34.pdf)
Lampris guttatus,Fish,Actinopterygii,Lampriformes,Lampridae,LC,offshore,no,NA,marine,pelagic,270000,meso,inverts/fish,active-predator,solitary,1,1,1,1,1,1,1,NA
Regalecus glesne,Fish,Actinopterygii,Lampriformes,Regalecidae,LC,offshore,no,coastal,marine,pelagic,272000,ecto,plankton,filter-feeding,solitary,0,1,1,1,1,1,0,diet: selective plankton feeder
Salmo trutta,Fish,Actinopterygii,Salmoniformes,Salmonidae,LC,cont. shelf,freshwater,estuarine/riverine,freshwater,pelagic,50000,ecto,inverts/fish,active-predator,solitary,1,0,0,1,0,0,0,NA
Salmo salar,Fish,Actinopterygii,Salmoniformes,Salmonidae,LC,cont. shelf,freshwater,estuarine/riverine,freshwater,benthopelagic,46764,ecto,inverts/fish,active-predator,solitary,0,0,0,1,0,0,0,NA
Xiphias gladius,Fish,Actinopterygii,Perciformes,Xiphiidae,LC,all,no,coastal,marine,pelagic,650000,meso,inverts/fish,active-predator,solitary,0,1,1,1,1,1,0,NA
Acipenser transmontanus,Fish,Actinopterygii,Acipenseriformes,Acipenseridae,LC,cont. shelf,freshwater,estuarine/riverine,freshwater,benthic,816000,ecto,fish,active-predator,solitary,0,1,0,0,0,0,0,behaviour based on most sturgeons.
Conger myriaster,Fish,Actinopterygii,Anguilliformes,Congridae,NE,offshore,no,NA,NA,benthic,99333,ecto,inverts/fish,active-predator,solitary,0,1,0,0,0,0,0,based on the fact that most eels are solitary (https://www.britannica.com/animal/eel)
Conger conger,Fish,Actinopterygii,Anguilliformes,Congridae,LC,offshore,no,oceanic,marine,benthic,110000,ecto,inverts/fish,active-predator,solitary,0,0,0,1,0,0,0,based on the fact that most eels are solitary (https://www.britannica.com/animal/eel)
Labeo rohita,Fish,Actinopterygii,Cypriniformes,Cyprinidae,LC,cont. shelf,freshwater,estuarine/riverine,freshwater,benthopelagic,45000,ecto,plants,browsing,solitary,0,0,0,0,0,1,0,NA
Luvarus imperialis,Fish,Actinopterygii,Perciformes,Luvaridae,LC,all,no,estuarine/riverine,marine,pelagic,150000,ecto,plankton,filter-feeding,solitary,0,1,1,1,1,0,0,breeding based on family
Lophius piscatorius,Fish,Actinopterygii,Lophiiformes,Lophiidae,LC,all,no,oceanic,marine,benthic,57700,ecto,fish/high verts,active-predator,solitary,1,0,0,1,0,0,0,behaviour taken from the web (http://www.oceansatlas.org/subtopic/en/c/1538/)
Aptenodytes forsteri,Bird,Aves,Sphenisciformes,Spheniscidae,NT,all,land,ice/land,migratory terrestrial,pelagic,45000,endo,fish,active-predator,social,0,0,0,0,0,0,1,NA
Tridacna gigas,Mollusc,Bivalvia,Cardiida,Cardiidae,VU,cont. shelf,no,coastal,no,benthic,200000,ecto,plankton,filter-feeding,solitary,0,1,0,0,0,1,0,NA
Enteroctopus dofleini,Mollusc,Cephalopoda,Octopoda,Enteroctopodidae,LC,offshore,no,coastal,marine,pelagic,70000,ecto,inverts/fish,active-predator,solitary,0,1,0,0,0,0,0,"migration based on Sano, M., & Bando, T. (2015). Nippon Suisan Gakkaishi, 81(1), 27-42."
Dosidicus gigas,Mollusc,Cephalopoda,Oegopsida,Ommastrephidae,DD,all,no,coastal,marine,benthopelagic,50000,ecto,inverts/fish,active-predator,solitary,0,1,1,0,0,0,0,NA
Architeuthis dux,Mollusc,Cephalopoda,Oegopsida,Architeuthidae,LC,offshore,no,coastal,marine,benthopelagic,275000,ecto,inverts/fish,active-predator,solitary,0,1,0,1,0,1,0,"migration based on Cherel, Y., & Hobson, K. A. (2005). Proceedings B: Biological Sciences, 272(1572), 1601-1607."
Mesonychoteuthis hamiltoni,Mollusc,Cephalopoda,Oegopsida,Cranchiidae,LC,slope/offshore,no,oceanic,marine,pelagic,750000,ecto,inverts/fish,active-predator,solitary,0,1,1,1,1,1,1,"habitat based on Cherel, Y., & Hobson, K. A. (2005). Proceedings B: Biological Sciences, 272(1572), 1601-1607; distribution taken from the web (http://ocean.si.edu/giant-squid)"
Rhincodon typus,Shark/ray,Elasmobranchii,Orectolobiformes,Rhincodontidae,EN,all,no,coastal,marine,pelagic,34000000,ecto,plankton,filter-feeding,solitary/schooling/aggregations/groups,0,1,1,1,1,1,0,NA
Mobula birostris,Shark/ray,Elasmobranchii,Myliobatiformes,Myliobatidae,VU,cont. shelf/slope,no,coastal,marine,pelagic,3000000,ecto,plankton,filter-feeding,schooling/aggregations/groups,0,1,1,1,1,1,0,breeding taken from the web (https://goo.gl/K2RwVv)
Carcharodon carcharias,Shark/ray,Elasmobranchii,Lamniformes,Lamnidae,VU,all,no,coastal,marine,pelagic,2114019,meso,high verts,active-predator,solitary/social,0,1,1,1,1,1,0,NA
Urogymnus polylepis,Shark/ray,Elasmobranchii,Myliobatiformes,Dasyatidae,EN,cont. shelf,freshwater,estuarine/riverine,freshwater,benthic,600000,ecto,inverts,active-predator,solitary/schooling/aggregations/groups,0,0,1,0,0,1,0,group behaviour based on its genus
Cetorhinus maximus,Shark/ray,Elasmobranchii,Lamniformes,Cetorhinidae,VU,all,no,coastal,marine,pelagic,4000000,ecto,plankton,filter-feeding,solitary/social,0,1,1,1,1,1,0,NA
Squatina squatina,Shark/ray,Elasmobranchii,Squatiniformes,Squatinidae,CR,cont. shelf,no,coastal,marine,benthic,80000,ecto,inverts/fish,active-predator,schooling/aggregations/groups,0,0,0,1,0,0,0,NA
Carcharhinus longimanus,Shark/ray,Elasmobranchii,Carcharhiniformes,Carcharhinidae,VU,offshore,no,coastal,marine,pelagic,167370,ecto,fish/high verts,active-predator,solitary/schooling/aggregations/groups,0,1,1,1,1,1,0,NA
Mobula tarapacana,Shark/ray,Elasmobranchii,Myliobatiformes,Myliobatidae,VU,offshore,no,coastal,marine,benthopelagic,350000,ecto,plankton,filter-feeding,schooling/aggregations/groups,0,1,1,1,1,1,0,breading based on other mantas
Himantura uarnak,Shark/ray,Elasmobranchii,Myliobatiformes,Dasyatidae,VU,cont. shelf,freshwater,coastal,marine,benthic,120000,ecto,inverts/fish,active-predator,solitary/schooling/aggregations/groups,0,1,1,0,0,1,0,NA
Glaucostegus cemiculus,Shark/ray,Elasmobranchii,Rajiformes,Rhinobatidae,EN,cont. shelf,no,coastal,marine,benthic,49900,ecto,inverts/fish,active-predator,schooling/aggregations/groups,0,0,0,1,1,0,0,migration and group behavour based on genus
Sphyrna lewini,Shark/ray,Elasmobranchii,Carcharhiniformes,Sphyrnidae,EN,cont. shelf/slope,no,coastal,marine,pelagic,152400,ecto,inverts/fish,active-predator,solitary/social,0,1,1,1,1,1,0,NA
Isurus oxyrinchus,Shark/ray,Elasmobranchii,Lamniformes,Lamnidae,VU,all,no,coastal/oceanic,marine,pelagic,505760,meso,inverts/fish,active-predator,solitary/schooling/aggregations/groups,0,1,1,1,1,1,1,"group behaviour based on Lamna, close relative and similar life history"
Ginglymostoma cirratum,Shark/ray,Elasmobranchii,Orectolobiformes,Ginglymostomatidae,DD,cont. shelf,no,coastal,no,benthic,109580,ecto,inverts/fish,active-predator,solitary/social,0,1,1,1,1,0,0,NA
Aetobatus narinari,Shark/ray,Elasmobranchii,Myliobatiformes,Myliobatidae,NT,cont. shelf,freshwater,coastal,freshwater,benthopelagic,230000,ecto,inverts/fish,active-predator,schooling/aggregations/groups,0,1,1,1,1,1,0,NA
Taeniurops meyeni,Shark/ray,Elasmobranchii,Myliobatiformes,Dasyatidae,VU,cont. shelf,no,coastal,no,benthic,150000,ecto,inverts/fish,active-predator,solitary/schooling/aggregations/groups,0,1,1,0,0,1,0,"breeding site based on habitat, distribution and life history"
Sphyrna mokarran,Shark/ray,Elasmobranchii,Carcharhiniformes,Sphyrnidae,EN,cont. shelf/slope,no,coastal,marine,pelagic,449500,ecto,inverts/fish,active-predator,solitary/schooling/aggregations/groups,0,1,1,1,1,1,0,NA
Odontaspis ferox,Shark/ray,Elasmobranchii,Lamniformes,Odontaspididae,VU,cont. shelf/slope,no,oceanic,marine,benthopelagic,289000,ecto,inverts/fish,active-predator,solitary/schooling/aggregations/groups,0,1,1,1,1,1,0,migration taken from the web (https://goo.gl/i5d6MF)
Carcharhinus signatus,Shark/ray,Elasmobranchii,Carcharhiniformes,Carcharhinidae,VU,cont. shelf/slope,no,coastal,marine,benthopelagic,76650,ecto,inverts/fish,active-predator,schooling/aggregations/groups,0,0,0,1,1,0,0,"breeding site based on habitat, distribution and life history"
Lamna nasus,Shark/ray,Elasmobranchii,Lamniformes,Lamnidae,VU,all,no,coastal,marine,pelagic,230000,meso,inverts/fish,active-predator,solitary/schooling/aggregations/groups,1,0,1,1,1,1,1,NA
Alopias vulpinus,Shark/ray,Elasmobranchii,Lamniformes,Alopiidae,VU,all,no,coastal,marine,pelagic,348000,meso,inverts/fish,active-predator,solitary/schooling/aggregations/groups,0,1,1,1,1,1,0,NA
Alopias superciliosus,Shark/ray,Elasmobranchii,Lamniformes,Alopiidae,VU,all,no,coastal,marine,pelagic,363800,meso,inverts/fish,active-predator,solitary/schooling/aggregations/groups,0,1,1,1,1,1,0,NA
Prionace glauca,Shark/ray,Elasmobranchii,Carcharhiniformes,Carcharhinidae,NT,all,no,oceanic,marine,pelagic,205930,ecto,inverts/fish/high verts,active-predator,solitary/schooling/aggregations/groups,0,1,1,1,1,1,0,NA
Negaprion brevirostris,Shark/ray,Elasmobranchii,Carcharhiniformes,Carcharhinidae,NT,cont. shelf,freshwater,coastal,marine,benthopelagic,183700,ecto,inverts/fish,active-predator,solitary/social,0,1,1,1,1,0,0,NA
Sphyrna zygaena,Shark/ray,Elasmobranchii,Carcharhiniformes,Sphyrnidae,VU,cont. shelf/slope,no,coastal,marine,pelagic,400000,ecto,inverts/fish,active-predator,solitary/schooling/aggregations/groups,0,1,1,1,1,1,0,NA
Carcharhinus limbatus,Shark/ray,Elasmobranchii,Carcharhiniformes,Carcharhinidae,NT,cont. shelf,no,coastal,freshwater,benthopelagic,122750,ecto,inverts/fish,active-predator,solitary/schooling/aggregations/groups,0,1,1,1,1,1,0,NA
Gymnura natalensis,Shark/ray,Elasmobranchii,Myliobatiformes,Gymnuridae,DD,cont. shelf,no,oceanic,marine,benthic,82600,ecto,inverts/fish,active-predator,solitary/schooling/aggregations/groups,0,0,0,0,1,1,0,migration taken from the web (https://portals.iucn.org/library/sites/library/files/documents/2007-042.pdf)
Notorynchus cepedianus,Shark/ray,Elasmobranchii,Hexanchiformes,Hexanchidae,DD,cont. shelf,no,coastal,marine,benthic,107000,ecto,inverts/fish/high verts,active-predator,solitary/social,0,1,1,0,1,1,0,NA
Taeniurops grabata,Shark/ray,Elasmobranchii,Myliobatiformes,Dasyatidae,DD,cont. shelf,no,coastal,no,benthic,84000,ecto,inverts/fish,active-predator,solitary/schooling/aggregations/groups,0,0,0,1,1,0,0,behaviour based on T. meyeni (closest relative) and other Dasyatidae
Negaprion acutidens,Shark/ray,Elasmobranchii,Carcharhiniformes,Carcharhinidae,VU,cont. shelf,no,coastal,marine,benthopelagic,461474,ecto,fish,active-predator,solitary/schooling/aggregations/groups,0,0,1,0,0,1,0,NA
Alopias pelagicus,Shark/ray,Elasmobranchii,Lamniformes,Alopiidae,VU,all,no,coastal,marine,pelagic,66124,ecto,inverts/fish,active-predator,solitary/schooling/aggregations/groups,0,1,1,0,0,1,0,breeding site based on other Alopias
Carcharhinus altimus,Shark/ray,Elasmobranchii,Carcharhiniformes,Carcharhinidae,DD,cont. shelf/slope,no,coastal,marine,benthic,167800,ecto,fish,active-predator,solitary/schooling/aggregations/groups,0,1,1,1,1,1,0,"behaviour based on C. plumbeus, closest relative"
Carcharhinus plumbeus,Shark/ray,Elasmobranchii,Carcharhiniformes,Carcharhinidae,VU,cont. shelf/slope,no,coastal,marine,benthopelagic,117930,ecto,inverts/fish,active-predator,solitary/schooling/aggregations/groups,0,1,1,1,1,1,0,NA
Carcharhinus brevipinna,Shark/ray,Elasmobranchii,Carcharhiniformes,Carcharhinidae,NT,cont. shelf,no,coastal,marine,pelagic,89700,ecto,inverts/fish,active-predator,schooling/aggregations/groups,0,1,1,1,1,1,0,NA
Carcharhinus obscurus,Shark/ray,Elasmobranchii,Carcharhiniformes,Carcharhinidae,VU,cont. shelf/slope,no,coastal,marine,benthopelagic,346540,ecto,inverts/fish,active-predator,solitary/schooling/aggregations/groups,0,1,1,1,1,1,0,NA
Aetobatus ocellatus,Shark/ray,Elasmobranchii,Myliobatiformes,Myliobatidae,VU,cont. shelf,no,coastal,marine,benthopelagic,200000,ecto,inverts/fish,active-predator,schooling/aggregations/groups,0,1,1,0,0,1,0,beeding site based on habitat; distribution and life history and genus/migration based on genus
Aetomylaeus bovinus,Shark/ray,Elasmobranchii,Myliobatiformes,Myliobatidae,DD,cont. shelf,no,coastal,marine,benthopelagic,116000,ecto,inverts,active-predator,solitary/schooling/aggregations/groups,0,0,0,1,1,1,0,mgration based on fact that all Myliobatidae migrate (https://portals.iucn.org/library/sites/library/files/documents/2007-042.pdf)
Carcharhinus galapagensis,Shark/ray,Elasmobranchii,Carcharhiniformes,Carcharhinidae,NT,all,no,coastal,marine,benthopelagic,85450,ecto,inverts/fish,active-predator,schooling/aggregations/groups,0,1,1,1,1,1,0,NA
Gymnura altavela,Shark/ray,Elasmobranchii,Myliobatiformes,Gymnuridae,VU,cont. shelf,no,coastal,marine,benthic,60000,ecto,inverts/fish,active-predator,solitary/schooling/aggregations/groups,0,0,0,1,1,0,0,behaviour and migration based on its genus
Hexanchus griseus,Shark/ray,Elasmobranchii,Hexanchiformes,Hexanchidae,NT,cont. shelf/slope,no,coastal,marine,benthopelagic,590000,ecto,inverts/fish/high verts,active-predator,solitary/schooling/aggregations/groups,0,1,1,1,1,1,0,NA
Hexanchus nakamurai,Shark/ray,Elasmobranchii,Hexanchiformes,Hexanchidae,DD,cont. shelf/slope,no,coastal,marine,benthic,84769,ecto,inverts/fish,active-predator,solitary/schooling/aggregations/groups,0,1,1,1,1,1,0,"breedingsite based on habitat; distribution, behaviour and migration based on H. griseus"
Carcharhinus albimarginatus,Shark/ray,Elasmobranchii,Carcharhiniformes,Carcharhinidae,VU,cont. shelf,no,coastal,marine,benthopelagic,162200,ecto,inverts/fish,active-predator,solitary/social,0,1,1,0,0,1,0,NA
Galeocerdo cuvier,Shark/ray,Elasmobranchii,Carcharhiniformes,Carcharhinidae,NT,cont. shelf,no,coastal,marine,benthopelagic,807400,ecto,inverts/fish/high verts,active-predator,solitary/schooling/aggregations/groups,0,1,1,1,1,1,0,NA
Hypanus dipterurus,Shark/ray,Elasmobranchii,Myliobatiformes,Dasyatidae,DD,cont. shelf,no,coastal,marine,benthic,46260,ecto,inverts/fish,active-predator,solitary/schooling/aggregations/groups,0,1,1,0,0,0,0,synonym D. dipterura
Hypanus americanus,Shark/ray,Elasmobranchii,Myliobatiformes,Dasyatidae,DD,cont. shelf,no,coastal,marine,benthic,135630,ecto,inverts/fish,active-predator,solitary/schooling/aggregations/groups,0,0,0,1,1,0,0,NA
Carcharias taurus,Shark/ray,Elasmobranchii,Lamniformes,Odontaspididae,VU,cont. shelf,no,coastal,marine,benthopelagic,158810,ecto,inverts/fish,active-predator,solitary/schooling/aggregations/groups,0,1,1,1,1,1,0,NA
Eusphyra blochii,Shark/ray,Elasmobranchii,Carcharhiniformes,Sphyrnidae,EN,cont. shelf,no,coastal,marine,benthopelagic,325413,ecto,inverts/fish,active-predator,solitary/schooling/aggregations/groups,0,0,1,0,0,1,0,NA
Carcharhinus brachyurus,Shark/ray,Elasmobranchii,Carcharhiniformes,Carcharhinidae,NT,cont. shelf,no,coastal,marine,benthopelagic,304600,ecto,inverts/fish,active-predator,solitary/schooling/aggregations/groups,0,1,1,1,1,1,0,NA
Pateobatis jenkinsii,Shark/ray,Elasmobranchii,Myliobatiformes,Dasyatidae,VU,cont. shelf,no,coastal,marine,benthic,56585,ecto,inverts/fish,active-predator,solitary/schooling/aggregations/groups,0,0,1,0,0,1,0,breeding site based on habitat; distribution and migration based on its genus
Bathytoshia centroura,Shark/ray,Elasmobranchii,Myliobatiformes,Dasyatidae,LC,cont. shelf,no,coastal,marine,benthic,300000,ecto,inverts/fish,active-predator,solitary/schooling/aggregations/groups,0,0,0,1,1,0,0,NA
Pteroplatytrygon violacea,Shark/ray,Elasmobranchii,Myliobatiformes,Dasyatidae,LC,all,no,coastal,marine,pelagic,94091,ecto,inverts/fish,active-predator,schooling/aggregations/groups,0,1,1,1,1,1,0,NA
Myliobatis tenuicaudatus,Shark/ray,Elasmobranchii,Myliobatiformes,Myliobatidae,LC,cont. shelf,no,coastal,marine,benthic,56500,ecto,inverts,active-predator,solitary/schooling/aggregations/groups,0,0,1,0,0,1,0,migration taken from the web (https://goo.gl/SK6vCi)
Myliobatis californicus,Shark/ray,Elasmobranchii,Myliobatiformes,Myliobatidae,LC,cont. shelf,no,coastal,marine,benthic,82100,ecto,inverts,active-predator,solitary/schooling/aggregations/groups,0,1,1,0,0,0,0,migration taken from the web (http://eol.org/pages/207925/details)
Bathytoshia lata,Shark/ray,Elasmobranchii,Myliobatiformes,Dasyatidae,DD,all,freshwater,coastal,marine,benthic,214000,ecto,inverts/fish,active-predator,solitary/schooling/aggregations/groups,0,0,1,0,0,1,0,breedingsite based on habitat; behavour and migration based on other Dasyatis
Carcharhinus tilstoni,Shark/ray,Elasmobranchii,Carcharhiniformes,Carcharhinidae,LC,cont. shelf,no,coastal,no,pelagic,52000,ecto,inverts/fish,active-predator,schooling/aggregations/groups,0,0,1,0,0,1,0,migration based on small range; breedingsite based on habitat
Lamna ditropis,Shark/ray,Elasmobranchii,Lamniformes,Lamnidae,LC,all,no,oceanic,marine,pelagic,175000,meso,fish,active-predator,solitary/schooling/aggregations/groups,0,1,0,0,0,0,0,NA
Pristis pristis,Shark/ray,Elasmobranchii,Pristiformes,Pristidae,CR,cont. shelf,freshwater,estuarine/riverine,freshwater,benthopelagic,600000,ecto,fish,active-predator,solitary,0,1,1,1,1,1,0,NA
Pristis pectinata,Shark/ray,Elasmobranchii,Pristiformes,Pristidae,CR,cont. shelf,freshwater,estuarine/riverine,freshwater,benthopelagic,350000,ecto,fish,active-predator,solitary,0,0,0,1,1,1,0,NA
Rostroraja alba,Shark/ray,Elasmobranchii,Rajiformes,Rajidae,EN,cont. shelf/slope,no,oceanic,no,benthic,74221,ecto,inverts/fish,active-predator,solitary,0,0,0,1,1,0,0,migration taken from the web (http://eol.org/pages/207925/details)
Dipturus batis,Shark/ray,Elasmobranchii,Rajiformes,Rajidae,CR,cont. shelf/slope,no,coastal,no,benthic,97070,ecto,inverts/fish,active-predator,solitary,0,0,0,1,0,0,0,breeding site taken from the web (https://goo.gl/bwV6tN)
Rhina ancylostoma,Shark/ray,Elasmobranchii,Rajiformes,Rhinobatidae,VU,cont. shelf,no,coastal,no,benthic,135000,ecto,inverts,active-predator,solitary,0,1,1,0,0,1,0,NA
Carcharhinus leucas,Shark/ray,Elasmobranchii,Carcharhiniformes,Carcharhinidae,NT,cont. shelf,freshwater,coastal,freshwater,benthopelagic,316500,ecto,inverts/fish,active-predator,solitary,0,1,1,1,1,1,0,NA
Tetronarce nobiliana,Shark/ray,Elasmobranchii,Torpediniformes,Torpedinidae,DD,all,no,coastal,marine,benthopelagic,90000,ecto,fish,active-predator,solitary,0,0,0,1,1,0,0,behaviour taken from the web (https://goo.gl/GR6QiL)
Rhynchobatus djiddensis,Shark/ray,Elasmobranchii,Rajiformes,Rhinobatidae,VU,cont. shelf,no,coastal,marine,benthic,227000,ecto,inverts/fish,active-predator,solitary,0,0,0,0,0,1,0,migration based on genus
Carcharhinus perezi,Shark/ray,Elasmobranchii,Carcharhiniformes,Carcharhinidae,NT,cont. shelf,no,coastal,marine,benthic,69850,ecto,fish,active-predator,solitary,0,0,0,1,1,0,0,NA
Beringraja binoculata,Shark/ray,Elasmobranchii,Rajiformes,Rajidae,LC,cont. shelf/slope,no,coastal,no,benthic,91000,ecto,inverts/fish,active-predator,solitary,0,1,0,0,0,0,0,NA
Somniosus pacificus,Shark/ray,Elasmobranchii,Squaliformes,Somniosidae,DD,cont. shelf/slope,no,coastal,marine,benthopelagic,701267,ecto,inverts/fish/high verts,active-predator,solitary,0,1,0,0,0,0,0,group behaviour based on genus
Somniosus microcephalus,Shark/ray,Elasmobranchii,Squaliformes,Somniosidae,NT,all,no,coastal,marine,benthopelagic,775000,ecto,inverts/fish/high verts,active-predator,solitary,1,0,0,1,0,0,0,breedingsite based on M. pacificus
Carcharhinus falciformis,Shark/ray,Elasmobranchii,Carcharhiniformes,Carcharhinidae,VU,all,no,coastal,marine,benthopelagic,346000,ecto,inverts/fish,active-predator,solitary,0,1,1,1,1,1,0,NA
Megachasma pelagios,Shark/ray,Elasmobranchii,Lamniformes,Megachasmidae,LC,all,no,coastal,marine,pelagic,1327744,ecto,plankton,filter-feeding,solitary,0,1,1,1,1,1,0,"breeding site based on Castillo-G_niz et al. (2012). Ciencias marinas, 38(2), 467-474. Group behavour based on sighthings"
Balaena mysticetus,Cetacean,Mammalia,Cetartiodactyla,Balaenidae,LC,all,no,coastal,marine,benthopelagic,100000000,endo,plankton,filter-feeding,solitary,1,0,0,1,0,0,0,NA
Balaenoptera acutorostrata,Cetacean,Mammalia,Cetartiodactyla,Balaenopteridae,LC,all,no,coastal,marine,benthopelagic,10000000,endo,plankton,filter-feeding,solitary,1,1,1,1,1,1,1,NA
Balaenoptera bonaerensis,Cetacean,Mammalia,Cetartiodactyla,Balaenopteridae,NT,all,no,oceanic,marine,pelagic,10400000,endo,plankton,filter-feeding,solitary,0,0,1,0,1,1,1,NA
Balaenoptera borealis,Cetacean,Mammalia,Cetartiodactyla,Balaenopteridae,EN,all,no,oceanic,marine,pelagic,28000000,endo,plankton,filter-feeding,solitary,1,1,1,1,1,1,1,NA
Balaenoptera edeni,Cetacean,Mammalia,Cetartiodactyla,Balaenopteridae,LC,all,no,oceanic,marine,benthopelagic,25000000,endo,plankton,filter-feeding,solitary,0,1,1,1,1,1,0,NA
Balaenoptera musculus,Cetacean,Mammalia,Cetartiodactyla,Balaenopteridae,EN,cont. shelf/slope,no,oceanic,marine,pelagic,180000000,endo,plankton,filter-feeding,solitary,1,1,1,1,1,1,1,NA
Balaenoptera physalus,Cetacean,Mammalia,Cetartiodactyla,Balaenopteridae,VU,all,no,oceanic,no,pelagic,74000000,endo,plankton,filter-feeding,solitary,1,1,1,1,1,1,1,NA
Berardius arnuxii,Cetacean,Mammalia,Cetartiodactyla,Ziphiidae,DD,slope,no,oceanic,marine,benthopelagic,14000000,endo,inverts,active-predator,social,0,0,1,0,1,1,1,migration taken from the web (https://goo.gl/CtRsns)
Berardius bairdii,Cetacean,Mammalia,Cetartiodactyla,Ziphiidae,DD,slope,no,oceanic,marine,benthic,14000000,endo,inverts,active-predator,social,0,1,0,0,0,0,0,NA
Caperea marginata,Cetacean,Mammalia,Cetartiodactyla,Neobalaenidae,LC,offshore,no,oceanic,marine,pelagic,3500000,endo,plankton,filter-feeding,solitary/social,0,0,1,0,1,1,0,migration taken from the web (http://www.cms.int/en/species/caperea-marginata)
Cephalorhynchus commersonii,Cetacean,Mammalia,Cetartiodactyla,Delphinidae,LC,cont. shelf,no,oceanic,marine,benthic,65000,endo,fish,active-predator,solitary,0,0,1,0,1,0,0,NA
Cephalorhynchus eutropia,Cetacean,Mammalia,Cetartiodactyla,Delphinidae,NT,cont. shelf,no,oceanic,no,benthic,50000,endo,fish,active-predator,social,0,0,1,0,0,0,0,NA
Cephalorhynchus heavisidii,Cetacean,Mammalia,Cetartiodactyla,Delphinidae,NT,cont. shelf,no,oceanic,marine,benthic,75000,endo,fish,active-predator,social,0,0,0,0,1,0,0,migration taken from the web (http://www.cms.int/en/species/cephalorhynchus-heavisidii)
Cephalorhynchus hectori,Cetacean,Mammalia,Cetartiodactyla,Delphinidae,EN,cont. shelf,no,oceanic,marine,benthic,50000,endo,fish,active-predator,social,0,0,1,0,0,0,0,migration taken from the web (https://goo.gl/yUnhyo)
Delphinapterus leucas,Cetacean,Mammalia,Cetartiodactyla,Monodontidae,LC,offshore,no,coastal,marine,benthic,1900000,endo,fish,active-predator,social,1,1,0,0,0,0,0,NA
Delphinus capensis,Cetacean,Mammalia,Cetartiodactyla,Delphinidae,DD,cont. shelf,no,coastal,marine,pelagic,235000,endo,inverts/fish,active-predator,social,0,0,1,0,1,1,0,breeding site based on habitat; migration taken from the web (https://goo.gl/xceWu6)
Delphinus delphis,Cetacean,Mammalia,Cetartiodactyla,Delphinidae,LC,offshore,no,oceanic,marine,benthopelagic,136000,endo,inverts,active-predator,solitary/social,0,1,1,1,1,1,0,migration taken from the web (http://www.cms.int/en/species/delphinus-delphis); behaviour from Nunny & Simmonds (2019). Frontiers in Veterinary Science 10.3389/fvets.2018.00331
Eschrichtius robustus,Cetacean,Mammalia,Cetartiodactyla,Eschrichtiidae,LC,cont. shelf,no,coastal,marine,benthic,36000000,endo,inverts,active-predator,solitary,1,1,0,0,0,0,0,NA
Eubalaena australis,Cetacean,Mammalia,Cetartiodactyla,Balaenidae,LC,all,no,coastal,marine,pelagic,80000000,endo,plankton,filter-feeding,solitary,0,0,1,0,1,1,1,migration taken from the web (http://www.cms.int/en/species/eubalaena-australis)
Eubalaena glacialis,Cetacean,Mammalia,Cetartiodactyla,Balaenidae,EN,all,no,coastal,marine,pelagic,70000000,endo,plankton,filter-feeding,solitary,1,0,0,1,0,0,0,NA
Eubalaena japonica,Cetacean,Mammalia,Cetartiodactyla,Balaenidae,EN,cont. shelf,no,coastal,marine,pelagic,80000000,endo,plankton,filter-feeding,solitary,0,1,0,0,0,0,0,NA
Feresa attenuata,Cetacean,Mammalia,Cetartiodactyla,Delphinidae,LC,offshore,no,oceanic,marine,pelagic,225000,endo,inverts/fish,active-predator,social,0,1,1,1,1,1,0,breeding site basedon habitat/migration (taken from http://www.cms.int/en/species/feresa-attenuata)
Globicephala macrorhynchus,Cetacean,Mammalia,Cetartiodactyla,Delphinidae,LC,cont. shelf,no,oceanic,marine,benthic,3000000,endo,inverts,active-predator,social,0,1,1,1,1,1,0,migration taken from the web (http://www.cms.int/en/species/globicephala-macrorhynchus)
Globicephala melas,Cetacean,Mammalia,Cetartiodactyla,Delphinidae,LC,cont. shelf,no,oceanic,marine,benthic,3500000,endo,inverts,active-predator,social,1,0,1,1,1,1,1,NA
Grampus griseus,Cetacean,Mammalia,Cetartiodactyla,Delphinidae,LC,slope,no,oceanic,marine,pelagic,500000,endo,inverts,active-predator,social,0,1,1,1,1,1,0,NA
Hyperoodon ampullatus,Cetacean,Mammalia,Cetartiodactyla,Ziphiidae,DD,cont. shelf,no,oceanic,marine,benthic,7500000,endo,inverts,active-predator,social,1,0,0,1,0,0,0,migration taken from the web (http://www.cms.int/en/species/hyperoodon-ampullatus)
Hyperoodon planifrons,Cetacean,Mammalia,Cetartiodactyla,Ziphiidae,LC,cont. shelf,no,oceanic,marine,benthic,7500000,endo,inverts,active-predator,social,0,0,1,0,1,1,1,migration taken from the web (http://www.cms.int/en)
Indopacetus pacificus,Cetacean,Mammalia,Cetartiodactyla,Ziphiidae,DD,slope,no,oceanic,marine,benthic,7500000,endo,inverts,active-predator,social,0,1,1,0,0,1,0,migration taken from the web (http://www.cms.int/en)
Kogia breviceps,Cetacean,Mammalia,Cetartiodactyla,Physeteridae,DD,all,no,oceanic,NA,benthopelagic,400000,endo,inverts,active-predator,solitary,0,1,1,1,1,1,0,NA
Kogia sima,Cetacean,Mammalia,Cetartiodactyla,Physeteridae,DD,all,no,oceanic,marine,benthopelagic,250000,endo,inverts,active-predator,social,0,1,1,1,1,1,0,migration taken from the web (http://www.cms.int/en/species/kogia-simus)
Lagenodelphis hosei,Cetacean,Mammalia,Cetartiodactyla,Delphinidae,LC,cont. shelf,no,oceanic,marine,pelagic,200000,endo,inverts,active-predator,social,0,1,1,1,1,1,0,migration taken from the web (http://www.cms.int/en/species/lagenodelphis-hosei)
Lagenorhynchus acutus,Cetacean,Mammalia,Cetartiodactyla,Delphinidae,LC,all,no,oceanic,marine,benthopelagic,230000,endo,fish,active-predator,social,1,0,0,1,0,0,0,migration taken from the web (http://www.cms.int/en/species/lagenorhynchus-acutus)
Lagenorhynchus albirostris,Cetacean,Mammalia,Cetartiodactyla,Delphinidae,LC,all,no,coastal,marine,benthopelagic,354000,endo,fish,active-predator,social,1,0,0,1,0,0,0,"breeding site from: Canning, S. J., et al. (2008). Journal of the Marine Biological Association of the United Kingdom, 88(6), 1159-1166; migration taken from the web (http://www.cms.int/en/species/lagenorhynchus-albirostris)"
Lagenorhynchus australis,Cetacean,Mammalia,Cetartiodactyla,Delphinidae,DD,cont. shelf,no,oceanic,marine,benthic,115000,endo,fish,active-predator,social,0,0,1,0,1,0,0,migration taken from the web (http://www.cms.int/en/species/lagenorhynchus-australis)
Lagenorhynchus cruciger,Cetacean,Mammalia,Cetartiodactyla,Delphinidae,LC,offshore,no,oceanic,marine,pelagic,120000,endo,inverts/fish,active-predator,solitary/social,0,0,1,0,1,1,1,breeding site based on habitat; distribution and migration taken from the web (http://www.cms.int/en/species/lagenorhynchus-cruciger)
Lagenorhynchus obliquidens,Cetacean,Mammalia,Cetartiodactyla,Delphinidae,LC,cont. shelf,no,oceanic,marine,benthopelagic,200000,endo,inverts,active-predator,social,0,1,0,0,0,0,0,NA
Lagenorhynchus obscurus,Cetacean,Mammalia,Cetartiodactyla,Delphinidae,DD,cont. shelf/slope,no,oceanic,marine,pelagic,100000,endo,inverts,active-predator,social,0,0,1,0,1,1,0,migration taken from the web (http://www.cms.int/en/species/lagenorhynchus-obscurus)
Lissodelphis borealis,Cetacean,Mammalia,Cetartiodactyla,Delphinidae,LC,cont. shelf/slope,no,oceanic,marine,pelagic,90000,endo,inverts,active-predator,social,0,1,0,0,0,0,0,NA
Lissodelphis peronii,Cetacean,Mammalia,Cetartiodactyla,Delphinidae,LC,slope/offshore,no,oceanic,marine,pelagic,100000,endo,inverts,active-predator,social,0,0,1,0,1,1,0,migration taken from the web (https://goo.gl/R4c1uP)
Megaptera novaeangliae,Cetacean,Mammalia,Cetartiodactyla,Balaenopteridae,LC,all,no,coastal/oceanic,marine,pelagic,36000000,endo,plankton,filter-feeding,solitary/social,1,1,1,1,1,1,1,"breeding site from: Bettridge, S. et al. (2015). NOAA Technical Memorandum NMFS SWFSC-540, 240 pp."
Mesoplodon bidens,Cetacean,Mammalia,Cetartiodactyla,Ziphiidae,DD,offshore,no,oceanic,marine,benthopelagic,1300000,endo,inverts,active-predator,solitary,1,0,0,1,0,0,0,migration taken from the web (http://www.cms.int/en)
Mesoplodon bowdoini,Cetacean,Mammalia,Cetartiodactyla,Ziphiidae,DD,slope/offshore,no,oceanic,marine,benthopelagic,3000000,endo,inverts,active-predator,solitary,0,0,1,0,1,1,0,migration taken from the web (http://www.cms.int/en)
Mesoplodon carlhubbsi,Cetacean,Mammalia,Cetartiodactyla,Ziphiidae,DD,slope/offshore,no,oceanic,NA,benthopelagic,1500000,endo,inverts,active-predator,social,0,1,0,0,0,0,0,NA
Mesoplodon densirostris,Cetacean,Mammalia,Cetartiodactyla,Ziphiidae,DD,all,no,oceanic,marine,benthopelagic,1000000,endo,inverts,active-predator,solitary,0,1,1,1,1,1,0,migration taken from the web (http://www.cms.int/en)
Mesoplodon europaeus,Cetacean,Mammalia,Cetartiodactyla,Ziphiidae,DD,all,no,oceanic,marine,benthopelagic,1200000,endo,inverts,active-predator,social,0,0,0,1,1,0,0,migration taken from the web (http://www.cms.int/en)
Mesoplodon ginkgodens,Cetacean,Mammalia,Cetartiodactyla,Ziphiidae,DD,slope/offshore,no,oceanic,marine,benthopelagic,1000000,endo,inverts,active-predator,social,0,1,1,0,0,1,0,migration taken from the web (http://www.cms.int/en)
Mesoplodon grayi,Cetacean,Mammalia,Cetartiodactyla,Ziphiidae,DD,slope/offshore,no,oceanic,NA,benthopelagic,1100000,endo,inverts,active-predator,solitary,0,0,1,0,1,1,1,NA
Mesoplodon hectori,Cetacean,Mammalia,Cetartiodactyla,Ziphiidae,DD,slope/offshore,no,oceanic,marine,benthopelagic,900000,endo,inverts,active-predator,solitary,0,0,1,0,1,1,0,migration taken from the web (http://www.cms.int/en)
Mesoplodon layardii,Cetacean,Mammalia,Cetartiodactyla,Ziphiidae,DD,offshore,no,oceanic,marine,pelagic,3000000,endo,inverts,active-predator,NA,0,0,1,0,1,1,1,migration taken from the web (http://www.cms.int/en)
Mesoplodon mirus,Cetacean,Mammalia,Cetartiodactyla,Ziphiidae,DD,offshore,no,oceanic,marine,pelagic,1400000,endo,inverts,active-predator,social,0,0,1,1,1,1,0,"behaviour based on Aguilar de Soto N., et al. (2017) PeerJ 5:e3059; migration taken from the web (http://www.cms.int/en)"
Mesoplodon perrini,Cetacean,Mammalia,Cetartiodactyla,Ziphiidae,DD,slope/offshore,no,oceanic,NA,benthopelagic,1200000,endo,inverts,active-predator,social,0,1,0,0,0,0,0,NA
Mesoplodon peruvianus,Cetacean,Mammalia,Cetartiodactyla,Ziphiidae,DD,slope/offshore,no,oceanic,NA,benthopelagic,8000000,endo,inverts,active-predator,social,0,1,1,0,0,0,0,NA
Mesoplodon stejnegeri,Cetacean,Mammalia,Cetartiodactyla,Ziphiidae,DD,slope/offshore,no,oceanic,marine,benthopelagic,1600000,endo,inverts,active-predator,social,0,1,0,0,0,0,0,NA
Mesoplodon traversii,Cetacean,Mammalia,Cetartiodactyla,Ziphiidae,DD,offshore,no,oceanic,marine,benthopelagic,1000000,endo,inverts,active-predator,social,0,0,1,0,0,0,0,behaviour based on genus; migration taken from the web (https://goo.gl/9w3MyE)
Monodon monoceros,Cetacean,Mammalia,Cetartiodactyla,Monodontidae,LC,offshore,no,oceanic,marine,benthopelagic,1600000,endo,inverts/fish,active-predator,solitary/social,1,0,0,0,0,0,0,NA
Neophocaena phocaenoides,Cetacean,Mammalia,Cetartiodactyla,Phocoenidae,VU,cont. shelf,no,oceanic,no,benthopelagic,45000,endo,inverts,active-predator,solitary,0,0,0,0,0,1,0,NA
Orcaella brevirostris,Cetacean,Mammalia,Cetartiodactyla,Delphinidae,EN,cont. shelf,freshwater,coastal,marine,pelagic,250000,endo,fish,active-predator,social,0,0,0,0,0,1,0,migration taken from the web (https://goo.gl/umKvoC)
Orcaella heinsohni,Cetacean,Mammalia,Cetartiodactyla,Delphinidae,VU,cont. shelf,no,oceanic,marine,benthopelagic,200000,endo,fish,active-predator,social,0,0,1,0,0,1,0,migration migration taken from the web (http://www.cms.int/en/species/orcaella-heinsohni)
Orcinus orca,Cetacean,Mammalia,Cetartiodactyla,Delphinidae,DD,offshore,no,oceanic,marine,benthopelagic,10000000,endo,fish/high verts,active-predator,social,1,1,1,1,1,1,1,NA
Peponocephala electra,Cetacean,Mammalia,Cetartiodactyla,Delphinidae,LC,cont. shelf,no,oceanic,marine,benthic,200000,endo,inverts,active-predator,social,0,1,1,1,1,1,0,migration taken from the web (http://www.cms.int/en/species/peponocephala-electra)
Phocoena dioptrica,Cetacean,Mammalia,Cetartiodactyla,Phocoenidae,LC,offshore,no,oceanic,marine,NA,84000,endo,inverts/fish,active-predator,social,0,0,1,0,1,1,1,migration taken from the web (https://goo.gl/HfbJqL)
Phocoena phocoena,Cetacean,Mammalia,Cetartiodactyla,Phocoenidae,LC,cont. shelf,no,oceanic,marine,benthopelagic,76000,endo,fish,active-predator,social,1,1,0,1,0,0,0,migration taken from the web (http://www.cms.int/en/species/phocoena-phocoena)
Phocoena sinus,Cetacean,Mammalia,Cetartiodactyla,Phocoenidae,CR,cont. shelf,no,oceanic,no,benthic,50000,endo,fish,active-predator,solitary,0,1,0,0,0,0,0,NA
Phocoena spinipinnis,Cetacean,Mammalia,Cetartiodactyla,Phocoenidae,NT,cont. shelf,no,coastal,marine,benthopelagic,105000,endo,inverts/fish,active-predator,social,0,0,1,0,1,0,0,breeding site based on habitat; migration taken from the web (http://www.cms.int/en/species/phocoena-spinipinnis)
Phocoenoides dalli,Cetacean,Mammalia,Cetartiodactyla,Phocoenidae,LC,slope/offshore,no,oceanic,marine,pelagic,220000,endo,inverts,active-predator,social,0,1,0,0,0,0,0,NA
Physeter macrocephalus,Cetacean,Mammalia,Cetartiodactyla,Physeteridae,VU,slope,no,oceanic,marine,benthopelagic,41000000,endo,inverts,active-predator,social,1,1,1,1,1,1,1,migration taken from the web(http://www.cms.int/en/species/physeter-macrocephalus)
Pontoporia blainvillei,Cetacean,Mammalia,Cetartiodactyla,Pontoporiidae,VU,slope,no,oceanic,no,benthic,50000,endo,fish,active-predator,solitary,0,0,0,0,1,0,0,NA
Pseudorca crassidens,Cetacean,Mammalia,Cetartiodactyla,Delphinidae,NT,slope/offshore,no,oceanic,marine,benthic,2200000,endo,fish,active-predator,social,0,1,1,1,1,1,0,migration taken from the web (https://goo.gl/X5Q4Fm)
Sotalia guianensis,Cetacean,Mammalia,Cetartiodactyla,Delphinidae,NT,cont. shelf,no,oceanic,NA,benthopelagic,100000,endo,fish,active-predator,social,0,0,0,1,1,0,0,NA
Sousa chinensis,Cetacean,Mammalia,Cetartiodactyla,Delphinidae,VU,cont. shelf,no,oceanic,no,benthopelagic,230000,endo,fish,active-predator,solitary/social,0,0,1,0,0,1,0,NA
Sousa teuszii,Cetacean,Mammalia,Cetartiodactyla,Delphinidae,CR,cont. shelf,no,oceanic,no,benthopelagic,284000,endo,fish,active-predator,solitary,0,0,0,1,0,0,0,NA
Stenella attenuata,Cetacean,Mammalia,Cetartiodactyla,Delphinidae,LC,slope/offshore,no,oceanic,marine,pelagic,120000,endo,fish,active-predator,social,0,1,1,1,1,1,0,migration taken from the web (http://www.cms.int/en/species/stenella-attenuata)
Stenella clymene,Cetacean,Mammalia,Cetartiodactyla,Delphinidae,LC,cont. shelf/slope,no,oceanic,marine,pelagic,80000,endo,fish,active-predator,social,0,0,0,1,1,0,0,migration taken from the web (https://goo.gl/5hPtvK)
Stenella coeruleoalba,Cetacean,Mammalia,Cetartiodactyla,Delphinidae,LC,all,no,oceanic,marine,benthopelagic,150000,endo,inverts,active-predator,solitary/social,0,1,1,1,1,1,0,migration taken from the web (http://www.cms.int/en/species/stenella-coeruleoalba); behaviour from Nunny & Simmonds (2019). Frontiers in Veterinary Science 10.3389/fvets.2018.00331
Stenella frontalis,Cetacean,Mammalia,Cetartiodactyla,Delphinidae,LC,cont. shelf/slope,no,oceanic,marine,benthopelagic,140000,endo,fish,active-predator,social,0,0,0,1,1,0,0,migration taken from the web (http://www.cms.int/en/species/stenella-frontalis)
Stenella longirostris,Cetacean,Mammalia,Cetartiodactyla,Delphinidae,LC,cont. shelf,no,oceanic,marine,pelagic,80000,endo,inverts,active-predator,social,0,1,1,1,1,1,0,migration taken from the web (http://www.cms.int/en/species/stenella-longirostris)
Steno bredanensis,Cetacean,Mammalia,Cetartiodactyla,Delphinidae,LC,cont. shelf,no,oceanic,marine,pelagic,150000,endo,fish,active-predator,social,0,1,1,1,1,1,0,migration taken from the web (http://www.cms.int/en/species/steno-bredanensis)
Tasmacetus shepherdi,Cetacean,Mammalia,Cetartiodactyla,Ziphiidae,DD,offshore,no,oceanic,marine,benthopelagic,3150000,endo,inverts/fish,active-predator,social,0,0,1,0,1,1,0,"group based on Pitman R.L., et al.(2006). Mar Mamm Sci 22: 744-755."
Tursiops aduncus,Cetacean,Mammalia,Cetartiodactyla,Delphinidae,DD,cont. shelf,no,oceanic,marine,benthic,230000,endo,fish,active-predator,solitary/social,0,1,1,0,0,1,0,migration taken from the web (http://www.cms.int/en/species/tursiops-aduncus); behaviour from Nunny & Simmonds (2019). Frontiers in Veterinary Science 10.3389/fvets.2018.00331
Tursiops truncatus,Cetacean,Mammalia,Cetartiodactyla,Delphinidae,LC,all,no,oceanic,marine,benthic,500000,endo,inverts/fish,active-predator,solitary/social,0,1,1,1,1,1,0,behaviour from Nunny & Simmonds (2019). Frontiers in Veterinary Science 10.3389/fvets.2018.00331
Ziphius cavirostris,Cetacean,Mammalia,Cetartiodactyla,Ziphiidae,LC,all,no,oceanic,marine,benthopelagic,2500000,endo,inverts,active-predator,social,0,1,1,1,1,1,0,migration taken from the web (http://www.cms.int/en)
Enhydra lutris,Otter,Mammalia,Carnivora,Mustelidae,EN,cont. shelf,land,coastal,no,benthic,45000,endo,inverts,active-predator,social,0,1,0,0,0,0,0,NA
Arctocephalus gazella,Pinniped,Mammalia,Carnivora,Otariidae,LC,cont. shelf/slope,land,ice/land,no,benthopelagic,215000,endo,plankton,filter-feeding,social,0,0,0,0,0,0,1,NA
Lobodon carcinophaga,Pinniped,Mammalia,Carnivora,Phocidae,LC,cont. shelf,land,ice/land,no,benthic,300000,endo,plankton,filter-feeding,social,0,0,0,0,0,0,1,behaviour based on Siniff et al. (2011). Canadian Journal of Zoology 57(11):2243-2255.
Arctocephalus galapagoensis,Pinniped,Mammalia,Carnivora,Otariidae,EN,cont. shelf,land,ice/land,no,pelagic,64000,endo,inverts,active-predator,social,0,0,1,0,0,0,0,NA
Zalophus wollebaeki,Pinniped,Mammalia,Carnivora,Otariidae,EN,cont. shelf,land,ice/land,no,benthic,250000,endo,fish,active-predator,social,0,0,1,0,0,0,0,NA
Phocarctos hookeri,Pinniped,Mammalia,Carnivora,Otariidae,EN,cont. shelf,land,ice/land,no,benthic,400000,endo,fish,active-predator,social,0,0,1,0,0,0,1,NA
Neophoca cinerea,Pinniped,Mammalia,Carnivora,Otariidae,EN,cont. shelf,land,ice/land,no,benthic,300000,endo,fish,active-predator,social,0,0,0,0,0,1,0,NA
Odobenus rosmarus,Pinniped,Mammalia,Carnivora,Odobenidae,VU,cont. shelf,land,ice/land,no,benthic,1500000,endo,inverts,active-predator,social,1,1,0,0,0,0,0,NA
Arctocephalus tropicalis,Pinniped,Mammalia,Carnivora,Otariidae,LC,cont. shelf,land,ice/land,no,benthopelagic,165000,endo,inverts/fish,active-predator,social,0,0,0,0,1,1,1,NA
Phoca vitulina,Pinniped,Mammalia,Carnivora,Phocidae,LC,cont. shelf,land,ice/land,no,benthopelagic,135000,endo,inverts/fish,active-predator,social,1,1,0,1,0,0,0,NA
Otaria byronia,Pinniped,Mammalia,Carnivora,Otariidae,LC,cont. shelf,land,ice/land,no,benthic,350000,endo,inverts/fish,active-predator,social,0,0,1,0,1,0,0,NA
Halichoerus grypus,Pinniped,Mammalia,Carnivora,Phocidae,LC,cont. shelf,land,ice/land,marine,benthic,310000,endo,fish,active-predator,social,1,0,0,1,0,0,0,NA
Zalophus californianus,Pinniped,Mammalia,Carnivora,Otariidae,LC,cont. shelf,land,ice/land,marine,benthic,523000,endo,fish,active-predator,social,0,1,0,0,0,0,0,NA
Arctocephalus pusillus,Pinniped,Mammalia,Carnivora,Otariidae,LC,all,land,ice/land,no,benthopelagic,360000,endo,inverts/fish,active-predator,social,0,0,0,0,1,1,0,NA
Arctocephalus philippii,Pinniped,Mammalia,Carnivora,Otariidae,LC,cont. shelf,land,ice/land,no,pelagic,140000,endo,fish,active-predator,social,0,0,1,0,0,0,0,NA
Arctocephalus forsteri,Pinniped,Mammalia,Carnivora,Otariidae,LC,all,land,ice/land,no,pelagic,250000,endo,fish,active-predator,social,0,0,1,0,0,1,1,NA
Pagophilus groenlandicus,Pinniped,Mammalia,Carnivora,Phocidae,LC,all,land,ice/land,marine,benthic,190000,endo,fish,active-predator,social,1,0,0,1,0,0,0,NA
Arctocephalus australis,Pinniped,Mammalia,Carnivora,Otariidae,LC,offshore,land,ice/land,no,benthopelagic,200000,endo,fish,active-predator,social,0,0,1,0,1,0,0,NA
Neomonachus schauinslandi,Pinniped,Mammalia,Carnivora,Phocidae,EN,slope,land,ice/land,no,benthic,270000,endo,fish,active-predator,solitary,0,1,0,0,0,0,0,NA
Cystophora cristata,Pinniped,Mammalia,Carnivora,Phocidae,VU,offshore,land,ice/land,no,benthic,410000,endo,fish,active-predator,solitary,1,0,0,1,0,0,0,NA
Callorhinus ursinus,Pinniped,Mammalia,Carnivora,Otariidae,VU,slope/offshore,land,ice/land,marine,benthopelagic,275000,endo,fish,active-predator,solitary,0,1,0,0,0,0,0,NA
Pusa caspica,Pinniped,Mammalia,Carnivora,Phocidae,EN,cont. shelf,land,ice/land,no,benthic,86000,endo,fish,active-predator,solitary,0,0,0,1,0,0,0,NA
Monachus monachus,Pinniped,Mammalia,Carnivora,Phocidae,EN,cont. shelf,land,ice/land,no,benthic,400000,endo,fish,active-predator,solitary,0,0,0,1,0,0,0,NA
Histriophoca fasciata,Pinniped,Mammalia,Carnivora,Phocidae,LC,all,land,ice/land,no,benthopelagic,100000,endo,fish,active-predator,solitary,1,1,0,0,0,0,0,NA
Eumetopias jubatus,Pinniped,Mammalia,Carnivora,Otariidae,NT,all,land,ice/land,no,benthopelagic,1120000,endo,fish,active-predator,solitary,0,1,0,0,0,0,0,NA
Pusa hispida,Pinniped,Mammalia,Carnivora,Phocidae,LC,cont. shelf,land,ice/land,no,benthic,140000,endo,fish,active-predator,solitary,1,1,0,0,0,0,0,NA
Leptonychotes weddellii,Pinniped,Mammalia,Carnivora,Phocidae,LC,cont. shelf,land,ice/land,no,benthopelagic,600000,endo,fish,active-predator,solitary,0,0,0,0,0,0,1,NA
Erignathus barbatus,Pinniped,Mammalia,Carnivora,Phocidae,LC,cont. shelf,land,ice/land,no,benthic,430000,endo,inverts,active-predator,solitary,1,1,0,0,0,0,0,NA
Ommatophoca rossii,Pinniped,Mammalia,Carnivora,Phocidae,LC,cont. shelf,land,ice/land,no,benthopelagic,204000,endo,inverts,active-predator,solitary,0,0,0,0,0,0,1,NA
Arctocephalus townsendi,Pinniped,Mammalia,Carnivora,Otariidae,LC,offshore,land,ice/land,no,pelagic,160000,endo,fish,active-predator,solitary,0,1,0,0,0,0,0,NA
Hydrurga leptonyx,Pinniped,Mammalia,Carnivora,Phocidae,LC,cont. shelf,land,ice/land,no,pelagic,600000,endo,inverts/fish/high verts,active-predator,solitary,0,0,0,0,0,0,1,NA
Phoca largha,Pinniped,Mammalia,Carnivora,Phocidae,LC,cont. shelf,land,ice/land,NA,benthic,115000,endo,inverts/fish,active-predator,solitary/social,1,1,0,0,0,0,0,NA
Mirounga leonina,Pinniped,Mammalia,Carnivora,Phocidae,LC,cont. shelf,land,ice/land,marine,benthopelagic,4000000,endo,inverts,active-predator,solitary/social,0,0,0,0,1,1,1,NA
Mirounga angustirostris,Pinniped,Mammalia,Carnivora,Phocidae,LC,slope,land,ice/land,marine,benthic,4000000,endo,inverts,active-predator,solitary/social,0,1,0,0,0,0,0,NA
Ursus maritimus,Polar Bear,Mammalia,Carnivora,Ursidae,VU,cont. shelf,land,ice/land,migratory terrestrial,pelagic,100000,endo,high verts,active-predator,solitary,1,0,0,0,0,0,0,NA
Dugong dugon,Sirenian,Mammalia,Sirenia,Dugongidae,VU,cont. shelf,no,coastal,no,benthic,1000000,endo,plants,browsing,social,0,1,1,0,0,1,0,NA
Trichechus manatus,Sirenian,Mammalia,Sirenia,Trichechidae,VU,cont. shelf,freshwater,coastal,freshwater,benthopelagic,1655000,endo,plants,browsing,solitary,0,0,0,1,1,0,0,NA
Trichechus senegalensis,Sirenian,Mammalia,Sirenia,Trichechidae,VU,cont. shelf,freshwater,coastal,freshwater,benthopelagic,360000,endo,plants,browsing,solitary,0,0,0,1,1,0,0,NA
Chelonia mydas,Reptile,Reptilia,Testudines,Cheloniidae,EN,cont. shelf,land,ice/land,marine,benthic,395000,ecto,plants,browsing,solitary,0,1,1,1,1,1,0,NA
Dermochelys coriacea,Reptile,Reptilia,Testudines,Dermochelyidae,VU,offshore,land,ice/land,marine,pelagic,650000,meso,inverts,active-predator,solitary,0,1,1,1,1,1,0,NA
Eretmochelys imbricata,Reptile,Reptilia,Testudines,Cheloniidae,CR,cont. shelf,land,ice/land,marine,benthic,127000,ecto,inverts,active-predator,solitary,0,1,1,1,1,1,0,NA
Lepidochelys olivacea,Reptile,Reptilia,Testudines,Cheloniidae,VU,all,land,ice/land,marine,pelagic,50000,ecto,inverts,active-predator,solitary,0,1,1,1,1,1,0,NA
Lepidochelys kempii,Reptile,Reptilia,Testudines,Cheloniidae,CR,cont. shelf,land,ice/land,marine,benthopelagic,50000,ecto,inverts,active-predator,solitary,0,0,0,1,0,0,0,NA
Natator depressus,Reptile,Reptilia,Testudines,Cheloniidae,DD,cont. shelf,land,ice/land,marine,benthopelagic,84000,ecto,inverts,active-predator,solitary,0,0,1,0,0,1,0,NA
Caretta caretta,Reptile,Reptilia,Testudines,Cheloniidae,VU,cont. shelf,land,ice/land,marine,benthopelagic,450000,ecto,inverts,active-predator,solitary,0,1,1,1,1,1,0,NA
Latimeria chalumnae,Fish,Sarcopterygii,Coelacanthiformes,Latimeriidae,CR,slope/offshore,no,coastal,no,benthic,95000,ecto,inverts/fish,active-predator,social,0,0,0,0,0,1,0,NA
